timestamp,file,method,result_language,score,duration_ms

2025-12-16T18:49:50.794066,D:\education\EIAZIIS\EYAZIS\lab2\samples\test_de\sample_de.pdf,frequency,de,0.3375,723
2025-12-16T18:49:50.794066,D:\education\EIAZIIS\EYAZIS\lab2\samples\test_de\sample_de.pdf,short_words,ru,0.0000,723
2025-12-16T18:49:50.794066,D:\education\EIAZIIS\EYAZIS\lab2\samples\test_de\sample_de.pdf,neural,de,1.0000,723
2025-12-16T18:50:38.414509,D:\education\EIAZIIS\EYAZIS\lab2\samples\test_de\sample_de.pdf,frequency,de,0.3375,7
2025-12-16T18:50:38.414509,D:\education\EIAZIIS\EYAZIS\lab2\samples\test_de\sample_de.pdf,short_words,ru,0.0000,7
2025-12-16T18:50:38.414509,D:\education\EIAZIIS\EYAZIS\lab2\samples\test_de\sample_de.pdf,neural,de,1.0000,7
2025-12-16T18:50:38.493137,D:\education\EIAZIIS\EYAZIS\lab2\samples\test_ru\sample_ru.pdf,frequency,ru,0.0914,69
2025-12-16T18:50:38.493137,D:\education\EIAZIIS\EYAZIS\lab2\samples\test_ru\sample_ru.pdf,short_words,ru,0.0000,69
2025-12-16T18:50:38.493137,D:\education\EIAZIIS\EYAZIS\lab2\samples\test_ru\sample_ru.pdf,neural,ru,1.0000,69
2025-12-16T18:51:24.223386,D:\education\EIAZIIS\EYAZIS\lab2\samples\test_de\sample_de.pdf,frequency,de,0.3375,7
2025-12-16T18:51:24.223386,D:\education\EIAZIIS\EYAZIS\lab2\samples\test_de\sample_de.pdf,short_words,ru,0.0000,7
2025-12-16T18:51:24.223386,D:\education\EIAZIIS\EYAZIS\lab2\samples\test_de\sample_de.pdf,neural,de,1.0000,7
2025-12-16T18:51:24.299755,D:\education\EIAZIIS\EYAZIS\lab2\samples\test_ru\sample_ru.pdf,frequency,ru,0.0914,68
2025-12-16T18:51:24.299755,D:\education\EIAZIIS\EYAZIS\lab2\samples\test_ru\sample_ru.pdf,short_words,ru,0.0000,68
2025-12-16T18:51:24.299755,D:\education\EIAZIIS\EYAZIS\lab2\samples\test_ru\sample_ru.pdf,neural,ru,1.0000,68
2025-12-16T18:51:31.800645,D:\education\EIAZIIS\EYAZIS\lab2\samples\test_de\sample_de.pdf,frequency,de,0.3375,7
2025-12-16T18:51:31.800645,D:\education\EIAZIIS\EYAZIS\lab2\samples\test_de\sample_de.pdf,short_words,ru,0.0000,7
2025-12-16T18:51:31.800645,D:\education\EIAZIIS\EYAZIS\lab2\samples\test_de\sample_de.pdf,neural,de,1.0000,7
2025-12-16T18:51:31.879997,D:\education\EIAZIIS\EYAZIS\lab2\samples\test_ru\sample_ru.pdf,frequency,ru,0.0914,70
2025-12-16T18:51:31.879997,D:\education\EIAZIIS\EYAZIS\lab2\samples\test_ru\sample_ru.pdf,short_words,ru,0.0000,70
2025-12-16T18:51:31.879997,D:\education\EIAZIIS\EYAZIS\lab2\samples\test_ru\sample_ru.pdf,neural,ru,1.0000,70
2025-12-16T18:51:44.363025,D:\education\EIAZIIS\EYAZIS\lab2\samples\test_de\sample_de.pdf,frequency,de,0.3375,7
2025-12-16T18:51:44.363025,D:\education\EIAZIIS\EYAZIS\lab2\samples\test_de\sample_de.pdf,short_words,ru,0.0000,7
2025-12-16T18:51:44.363025,D:\education\EIAZIIS\EYAZIS\lab2\samples\test_de\sample_de.pdf,neural,de,1.0000,7
2025-12-16T18:53:05.340215,D:\education\EIAZIIS\EYAZIS\lab2\samples\test_de\sample_de.pdf,frequency,de,0.3375,7
2025-12-16T18:53:05.340215,D:\education\EIAZIIS\EYAZIS\lab2\samples\test_de\sample_de.pdf,short_words,ru,0.0000,7
2025-12-16T18:53:05.340215,D:\education\EIAZIIS\EYAZIS\lab2\samples\test_de\sample_de.pdf,neural,de,1.0000,7
2025-12-16T18:53:14.020210,D:\education\EIAZIIS\EYAZIS\lab2\samples\test_ru\sample_ru.pdf,frequency,ru,0.0914,71
2025-12-16T18:53:14.020210,D:\education\EIAZIIS\EYAZIS\lab2\samples\test_ru\sample_ru.pdf,short_words,ru,0.0000,71
2025-12-16T18:53:14.020210,D:\education\EIAZIIS\EYAZIS\lab2\samples\test_ru\sample_ru.pdf,neural,ru,1.0000,71
2025-12-16T18:55:02.231769,D:\education\EIAZIIS\EYAZIS\lab2\samples\test_de\sample_de.pdf,frequency,de,0.3375,7
2025-12-16T18:55:02.231769,D:\education\EIAZIIS\EYAZIS\lab2\samples\test_de\sample_de.pdf,short_words,ru,0.0000,7
2025-12-16T18:55:02.231769,D:\education\EIAZIIS\EYAZIS\lab2\samples\test_de\sample_de.pdf,neural,de,1.0000,7
2025-12-16T19:03:57.629668,D:\education\EIAZIIS\EYAZIS\lab2\samples\test_de\Natur_Umwelt_1.pdf,frequency,de,0.5067,216
2025-12-16T19:03:57.629668,D:\education\EIAZIIS\EYAZIS\lab2\samples\test_de\Natur_Umwelt_1.pdf,short_words,de,0.0000,216
2025-12-16T19:03:57.629668,D:\education\EIAZIIS\EYAZIS\lab2\samples\test_de\Natur_Umwelt_1.pdf,neural,de,1.0000,216
2025-12-16T19:03:57.647454,D:\education\EIAZIIS\EYAZIS\lab2\samples\test_de\Natur_Umwelt_2.pdf,frequency,de,0.5067,10
2025-12-16T19:03:57.647454,D:\education\EIAZIIS\EYAZIS\lab2\samples\test_de\Natur_Umwelt_2.pdf,short_words,de,0.0000,10
2025-12-16T19:03:57.647454,D:\education\EIAZIIS\EYAZIS\lab2\samples\test_de\Natur_Umwelt_2.pdf,neural,de,1.0000,10
2025-12-16T19:03:57.705479,D:\education\EIAZIIS\EYAZIS\lab2\samples\test_de\sample_de.pdf,frequency,de,0.3375,7
2025-12-16T19:03:57.705479,D:\education\EIAZIIS\EYAZIS\lab2\samples\test_de\sample_de.pdf,short_words,ru,0.0000,7
2025-12-16T19:03:57.705479,D:\education\EIAZIIS\EYAZIS\lab2\samples\test_de\sample_de.pdf,neural,de,1.0000,7
2025-12-16T19:06:12.011893,D:\education\EIAZIIS\EYAZIS\lab2\samples\test_de\Natur_Umwelt_1.pdf,frequency,de,0.5067,10
2025-12-16T19:06:12.011893,D:\education\EIAZIIS\EYAZIS\lab2\samples\test_de\Natur_Umwelt_1.pdf,short_words,de,0.0000,10
2025-12-16T19:06:12.011893,D:\education\EIAZIIS\EYAZIS\lab2\samples\test_de\Natur_Umwelt_1.pdf,neural,de,1.0000,10
2025-12-16T19:06:12.080736,D:\education\EIAZIIS\EYAZIS\lab2\samples\test_de\sample_de.pdf,frequency,de,0.3375,7
2025-12-16T19:06:12.080736,D:\education\EIAZIIS\EYAZIS\lab2\samples\test_de\sample_de.pdf,short_words,ru,0.0000,7
2025-12-16T19:06:12.080736,D:\education\EIAZIIS\EYAZIS\lab2\samples\test_de\sample_de.pdf,neural,de,1.0000,7
2025-12-16T19:06:12.121765,D:\education\EIAZIIS\EYAZIS\lab2\samples\test_de\deutsche_kultur_geschichte_2.pdf,frequency,de,0.3459,34
2025-12-16T19:06:12.121765,D:\education\EIAZIIS\EYAZIS\lab2\samples\test_de\deutsche_kultur_geschichte_2.pdf,short_words,ru,0.0000,34
2025-12-16T19:06:12.121765,D:\education\EIAZIIS\EYAZIS\lab2\samples\test_de\deutsche_kultur_geschichte_2.pdf,neural,de,1.0000,34
2025-12-16T19:06:12.177841,D:\education\EIAZIIS\EYAZIS\lab2\samples\test_de\wissenschaft_technik.pdf,frequency,de,0.4459,33
2025-12-16T19:06:12.177841,D:\education\EIAZIIS\EYAZIS\lab2\samples\test_de\wissenschaft_technik.pdf,short_words,ru,0.0000,33
2025-12-16T19:06:12.177841,D:\education\EIAZIIS\EYAZIS\lab2\samples\test_de\wissenschaft_technik.pdf,neural,de,1.0000,33
2025-12-16T19:06:30.054271,D:\education\EIAZIIS\EYAZIS\lab2\samples\test_de\deutsche_kultur_geschichte_2.pdf,frequency,de,0.3459,12
2025-12-16T19:06:30.054271,D:\education\EIAZIIS\EYAZIS\lab2\samples\test_de\deutsche_kultur_geschichte_2.pdf,short_words,ru,0.0000,12
2025-12-16T19:06:30.054271,D:\education\EIAZIIS\EYAZIS\lab2\samples\test_de\deutsche_kultur_geschichte_2.pdf,neural,de,1.0000,12
2025-12-16T19:06:30.072377,D:\education\EIAZIIS\EYAZIS\lab2\samples\test_de\Natur_Umwelt_1.pdf,frequency,de,0.5067,9
2025-12-16T19:06:30.072377,D:\education\EIAZIIS\EYAZIS\lab2\samples\test_de\Natur_Umwelt_1.pdf,short_words,de,0.0000,9
2025-12-16T19:06:30.072377,D:\education\EIAZIIS\EYAZIS\lab2\samples\test_de\Natur_Umwelt_1.pdf,neural,de,1.0000,9
2025-12-16T19:06:30.089763,D:\education\EIAZIIS\EYAZIS\lab2\samples\test_de\sample_de.pdf,frequency,de,0.3375,7
2025-12-16T19:06:30.089763,D:\education\EIAZIIS\EYAZIS\lab2\samples\test_de\sample_de.pdf,short_words,ru,0.0000,7
2025-12-16T19:06:30.089763,D:\education\EIAZIIS\EYAZIS\lab2\samples\test_de\sample_de.pdf,neural,de,1.0000,7
2025-12-16T19:06:30.152895,D:\education\EIAZIIS\EYAZIS\lab2\samples\test_de\wissenschaft_technik.pdf,frequency,de,0.4459,9
2025-12-16T19:06:30.152895,D:\education\EIAZIIS\EYAZIS\lab2\samples\test_de\wissenschaft_technik.pdf,short_words,ru,0.0000,9
2025-12-16T19:06:30.152895,D:\education\EIAZIIS\EYAZIS\lab2\samples\test_de\wissenschaft_technik.pdf,neural,de,1.0000,9
2025-12-16T19:09:37.725735,D:\education\EIAZIIS\EYAZIS\lab2\samples\test_de\deutsche_kultur_geschichte_2.pdf,frequency,de,0.3459,261
2025-12-16T19:09:37.725735,D:\education\EIAZIIS\EYAZIS\lab2\samples\test_de\deutsche_kultur_geschichte_2.pdf,short_words,ru,0.0000,261
2025-12-16T19:09:37.725735,D:\education\EIAZIIS\EYAZIS\lab2\samples\test_de\deutsche_kultur_geschichte_2.pdf,neural,de,1.0000,261
2025-12-16T19:09:37.743609,D:\education\EIAZIIS\EYAZIS\lab2\samples\test_de\Natur_Umwelt_1.pdf,frequency,de,0.5067,9
2025-12-16T19:09:37.743609,D:\education\EIAZIIS\EYAZIS\lab2\samples\test_de\Natur_Umwelt_1.pdf,short_words,de,0.0000,9
2025-12-16T19:09:37.743609,D:\education\EIAZIIS\EYAZIS\lab2\samples\test_de\Natur_Umwelt_1.pdf,neural,de,1.0000,9
2025-12-16T19:09:37.760600,D:\education\EIAZIIS\EYAZIS\lab2\samples\test_de\sample_de.pdf,frequency,de,0.3375,7
2025-12-16T19:09:37.760600,D:\education\EIAZIIS\EYAZIS\lab2\samples\test_de\sample_de.pdf,short_words,ru,0.0000,7
2025-12-16T19:09:37.760600,D:\education\EIAZIIS\EYAZIS\lab2\samples\test_de\sample_de.pdf,neural,de,1.0000,7
2025-12-16T19:09:37.779802,D:\education\EIAZIIS\EYAZIS\lab2\samples\test_de\wissenschaft_technik.pdf,frequency,de,0.4459,10
2025-12-16T19:09:37.779802,D:\education\EIAZIIS\EYAZIS\lab2\samples\test_de\wissenschaft_technik.pdf,short_words,ru,0.0000,10
2025-12-16T19:09:37.779802,D:\education\EIAZIIS\EYAZIS\lab2\samples\test_de\wissenschaft_technik.pdf,neural,de,1.0000,10
2025-12-16T19:14:05.659947,D:\education\EIAZIIS\EYAZIS\lab2\samples\test_de\deutsche_kultur_geschichte_2.pdf,frequency,de,0.3459,256
2025-12-16T19:14:05.659947,D:\education\EIAZIIS\EYAZIS\lab2\samples\test_de\deutsche_kultur_geschichte_2.pdf,short_words,ru,0.0000,256
2025-12-16T19:14:05.659947,D:\education\EIAZIIS\EYAZIS\lab2\samples\test_de\deutsche_kultur_geschichte_2.pdf,neural,de,1.0000,256
2025-12-16T19:14:05.677798,D:\education\EIAZIIS\EYAZIS\lab2\samples\test_de\Natur_Umwelt_1.pdf,frequency,de,0.5067,10
2025-12-16T19:14:05.677798,D:\education\EIAZIIS\EYAZIS\lab2\samples\test_de\Natur_Umwelt_1.pdf,short_words,de,0.0000,10
2025-12-16T19:14:05.677798,D:\education\EIAZIIS\EYAZIS\lab2\samples\test_de\Natur_Umwelt_1.pdf,neural,de,1.0000,10
2025-12-16T19:14:05.694258,D:\education\EIAZIIS\EYAZIS\lab2\samples\test_de\sample_de.pdf,frequency,de,0.3375,6
2025-12-16T19:14:05.694258,D:\education\EIAZIIS\EYAZIS\lab2\samples\test_de\sample_de.pdf,short_words,ru,0.0000,6
2025-12-16T19:14:05.694258,D:\education\EIAZIIS\EYAZIS\lab2\samples\test_de\sample_de.pdf,neural,de,1.0000,6
2025-12-16T19:14:05.712954,D:\education\EIAZIIS\EYAZIS\lab2\samples\test_de\wissenschaft_technik.pdf,frequency,de,0.4459,9
2025-12-16T19:14:05.712954,D:\education\EIAZIIS\EYAZIS\lab2\samples\test_de\wissenschaft_technik.pdf,short_words,ru,0.0000,9
2025-12-16T19:14:05.712954,D:\education\EIAZIIS\EYAZIS\lab2\samples\test_de\wissenschaft_technik.pdf,neural,de,1.0000,9
2025-12-16T19:29:06.851406,D:\education\EIAZIIS\EYAZIS\lab2\samples\test_ru\sample_ru.pdf,frequency,ru,0.0914,83
2025-12-16T19:29:06.851406,D:\education\EIAZIIS\EYAZIS\lab2\samples\test_ru\sample_ru.pdf,short_words,ru,0.0000,83
2025-12-16T19:29:06.851406,D:\education\EIAZIIS\EYAZIS\lab2\samples\test_ru\sample_ru.pdf,neural,ru,1.0000,83
2025-12-16T19:29:06.935786,D:\education\EIAZIIS\EYAZIS\lab2\samples\test_ru\sample_ru_2.pdf,frequency,ru,0.2351,77
2025-12-16T19:29:06.935786,D:\education\EIAZIIS\EYAZIS\lab2\samples\test_ru\sample_ru_2.pdf,short_words,ru,0.0000,77
2025-12-16T19:29:06.935786,D:\education\EIAZIIS\EYAZIS\lab2\samples\test_ru\sample_ru_2.pdf,neural,ru,1.0000,77
2025-12-16T19:29:07.038223,D:\education\EIAZIIS\EYAZIS\lab2\samples\test_ru\sample_ru_3.pdf,frequency,ru,0.3506,81
2025-12-16T19:29:07.038223,D:\education\EIAZIIS\EYAZIS\lab2\samples\test_ru\sample_ru_3.pdf,short_words,ru,0.0000,81
2025-12-16T19:29:07.038223,D:\education\EIAZIIS\EYAZIS\lab2\samples\test_ru\sample_ru_3.pdf,neural,ru,1.0000,81
2025-12-16T19:37:37.127326,D:\education\EIAZIIS\EYAZIS\lab2\samples\test_ru\sample_ru.pdf,frequency,ru,0.0914,314
2025-12-16T19:37:37.127326,D:\education\EIAZIIS\EYAZIS\lab2\samples\test_ru\sample_ru.pdf,short_words,ru,0.0000,314
2025-12-16T19:37:37.127326,D:\education\EIAZIIS\EYAZIS\lab2\samples\test_ru\sample_ru.pdf,neural,ru,1.0000,314
2025-12-16T19:37:37.190296,D:\education\EIAZIIS\EYAZIS\lab2\samples\test_ru\sample_ru_2.pdf,frequency,ru,0.2351,54
2025-12-16T19:37:37.190296,D:\education\EIAZIIS\EYAZIS\lab2\samples\test_ru\sample_ru_2.pdf,short_words,ru,0.0000,54
2025-12-16T19:37:37.190296,D:\education\EIAZIIS\EYAZIS\lab2\samples\test_ru\sample_ru_2.pdf,neural,ru,1.0000,54
2025-12-16T19:37:37.256690,D:\education\EIAZIIS\EYAZIS\lab2\samples\test_ru\sample_ru_3.pdf,frequency,ru,0.3506,55
2025-12-16T19:37:37.256690,D:\education\EIAZIIS\EYAZIS\lab2\samples\test_ru\sample_ru_3.pdf,short_words,ru,0.0000,55
2025-12-16T19:37:37.256690,D:\education\EIAZIIS\EYAZIS\lab2\samples\test_ru\sample_ru_3.pdf,neural,ru,1.0000,55
2025-12-16T19:38:09.704517,D:\education\EIAZIIS\EYAZIS\lab2\samples\test_de\deutsche_kultur_geschichte_2.pdf,frequency,de,0.3459,12
2025-12-16T19:38:09.704517,D:\education\EIAZIIS\EYAZIS\lab2\samples\test_de\deutsche_kultur_geschichte_2.pdf,short_words,ru,0.0000,12
2025-12-16T19:38:09.704517,D:\education\EIAZIIS\EYAZIS\lab2\samples\test_de\deutsche_kultur_geschichte_2.pdf,neural,de,1.0000,12
2025-12-16T19:38:09.759247,D:\education\EIAZIIS\EYAZIS\lab2\samples\test_de\Natur_Umwelt_1.pdf,frequency,de,0.5067,10
2025-12-16T19:38:09.759247,D:\education\EIAZIIS\EYAZIS\lab2\samples\test_de\Natur_Umwelt_1.pdf,short_words,de,0.0000,10
2025-12-16T19:38:09.759247,D:\education\EIAZIIS\EYAZIS\lab2\samples\test_de\Natur_Umwelt_1.pdf,neural,de,1.0000,10
2025-12-16T19:38:09.773700,D:\education\EIAZIIS\EYAZIS\lab2\samples\test_de\sample_de.pdf,frequency,de,0.3375,6
2025-12-16T19:38:09.773700,D:\education\EIAZIIS\EYAZIS\lab2\samples\test_de\sample_de.pdf,short_words,ru,0.0000,6
2025-12-16T19:38:09.773700,D:\education\EIAZIIS\EYAZIS\lab2\samples\test_de\sample_de.pdf,neural,de,1.0000,6
2025-12-16T19:38:09.792695,D:\education\EIAZIIS\EYAZIS\lab2\samples\test_de\wissenschaft_technik.pdf,frequency,de,0.4459,9
2025-12-16T19:38:09.792695,D:\education\EIAZIIS\EYAZIS\lab2\samples\test_de\wissenschaft_technik.pdf,short_words,ru,0.0000,9
2025-12-16T19:38:09.792695,D:\education\EIAZIIS\EYAZIS\lab2\samples\test_de\wissenschaft_technik.pdf,neural,de,1.0000,9
2025-12-16T19:38:25.169953,D:\education\EIAZIIS\EYAZIS\lab2\samples\test_de\deutsche_kultur_geschichte_2.pdf,frequency,de,0.3459,12
2025-12-16T19:38:25.169953,D:\education\EIAZIIS\EYAZIS\lab2\samples\test_de\deutsche_kultur_geschichte_2.pdf,short_words,ru,0.0000,12
2025-12-16T19:38:25.169953,D:\education\EIAZIIS\EYAZIS\lab2\samples\test_de\deutsche_kultur_geschichte_2.pdf,neural,de,1.0000,12
2025-12-16T19:38:25.187593,D:\education\EIAZIIS\EYAZIS\lab2\samples\test_de\Natur_Umwelt_1.pdf,frequency,de,0.5067,9
2025-12-16T19:38:25.187593,D:\education\EIAZIIS\EYAZIS\lab2\samples\test_de\Natur_Umwelt_1.pdf,short_words,de,0.0000,9
2025-12-16T19:38:25.187593,D:\education\EIAZIIS\EYAZIS\lab2\samples\test_de\Natur_Umwelt_1.pdf,neural,de,1.0000,9
2025-12-16T19:38:25.204237,D:\education\EIAZIIS\EYAZIS\lab2\samples\test_de\sample_de.pdf,frequency,de,0.3375,6
2025-12-16T19:38:25.204237,D:\education\EIAZIIS\EYAZIS\lab2\samples\test_de\sample_de.pdf,short_words,ru,0.0000,6
2025-12-16T19:38:25.204237,D:\education\EIAZIIS\EYAZIS\lab2\samples\test_de\sample_de.pdf,neural,de,1.0000,6
2025-12-16T19:38:25.224073,D:\education\EIAZIIS\EYAZIS\lab2\samples\test_de\wissenschaft_technik.pdf,frequency,de,0.4459,9
2025-12-16T19:38:25.224073,D:\education\EIAZIIS\EYAZIS\lab2\samples\test_de\wissenschaft_technik.pdf,short_words,ru,0.0000,9
2025-12-16T19:38:25.224073,D:\education\EIAZIIS\EYAZIS\lab2\samples\test_de\wissenschaft_technik.pdf,neural,de,1.0000,9
2025-12-16T19:38:34.218190,D:\education\EIAZIIS\EYAZIS\lab2\samples\test_de\deutsche_kultur_geschichte_2.pdf,frequency,de,0.3459,12
2025-12-16T19:38:34.218190,D:\education\EIAZIIS\EYAZIS\lab2\samples\test_de\deutsche_kultur_geschichte_2.pdf,short_words,ru,0.0000,12
2025-12-16T19:38:34.218190,D:\education\EIAZIIS\EYAZIS\lab2\samples\test_de\deutsche_kultur_geschichte_2.pdf,neural,de,1.0000,12
2025-12-16T19:38:34.235644,D:\education\EIAZIIS\EYAZIS\lab2\samples\test_de\Natur_Umwelt_1.pdf,frequency,de,0.5067,9
2025-12-16T19:38:34.235644,D:\education\EIAZIIS\EYAZIS\lab2\samples\test_de\Natur_Umwelt_1.pdf,short_words,de,0.0000,9
2025-12-16T19:38:34.235644,D:\education\EIAZIIS\EYAZIS\lab2\samples\test_de\Natur_Umwelt_1.pdf,neural,de,1.0000,9
2025-12-16T19:38:34.251889,D:\education\EIAZIIS\EYAZIS\lab2\samples\test_de\sample_de.pdf,frequency,de,0.3375,6
2025-12-16T19:38:34.251889,D:\education\EIAZIIS\EYAZIS\lab2\samples\test_de\sample_de.pdf,short_words,ru,0.0000,6
2025-12-16T19:38:34.251889,D:\education\EIAZIIS\EYAZIS\lab2\samples\test_de\sample_de.pdf,neural,de,1.0000,6
2025-12-16T19:38:34.273133,D:\education\EIAZIIS\EYAZIS\lab2\samples\test_de\wissenschaft_technik.pdf,frequency,de,0.4459,12
2025-12-16T19:38:34.273133,D:\education\EIAZIIS\EYAZIS\lab2\samples\test_de\wissenschaft_technik.pdf,short_words,ru,0.0000,12
2025-12-16T19:38:34.273133,D:\education\EIAZIIS\EYAZIS\lab2\samples\test_de\wissenschaft_technik.pdf,neural,de,1.0000,12
2025-12-16T19:39:28.741626,D:\education\EIAZIIS\EYAZIS\lab2\samples\test_de\deutsche_kultur_geschichte_2.pdf,frequency,de,0.3459,12
2025-12-16T19:39:28.741626,D:\education\EIAZIIS\EYAZIS\lab2\samples\test_de\deutsche_kultur_geschichte_2.pdf,short_words,ru,0.0000,12
2025-12-16T19:39:28.741626,D:\education\EIAZIIS\EYAZIS\lab2\samples\test_de\deutsche_kultur_geschichte_2.pdf,neural,de,1.0000,12
2025-12-16T19:39:28.759659,D:\education\EIAZIIS\EYAZIS\lab2\samples\test_de\Natur_Umwelt_1.pdf,frequency,de,0.5067,9
2025-12-16T19:39:28.759659,D:\education\EIAZIIS\EYAZIS\lab2\samples\test_de\Natur_Umwelt_1.pdf,short_words,de,0.0000,9
2025-12-16T19:39:28.759659,D:\education\EIAZIIS\EYAZIS\lab2\samples\test_de\Natur_Umwelt_1.pdf,neural,de,1.0000,9
2025-12-16T19:39:28.777741,D:\education\EIAZIIS\EYAZIS\lab2\samples\test_de\sample_de.pdf,frequency,de,0.3375,7
2025-12-16T19:39:28.777741,D:\education\EIAZIIS\EYAZIS\lab2\samples\test_de\sample_de.pdf,short_words,ru,0.0000,7
2025-12-16T19:39:28.777741,D:\education\EIAZIIS\EYAZIS\lab2\samples\test_de\sample_de.pdf,neural,de,1.0000,7
2025-12-16T19:39:28.830342,D:\education\EIAZIIS\EYAZIS\lab2\samples\test_de\wissenschaft_technik.pdf,frequency,de,0.4459,16
2025-12-16T19:39:28.830342,D:\education\EIAZIIS\EYAZIS\lab2\samples\test_de\wissenschaft_technik.pdf,short_words,ru,0.0000,16
2025-12-16T19:39:28.830342,D:\education\EIAZIIS\EYAZIS\lab2\samples\test_de\wissenschaft_technik.pdf,neural,de,1.0000,16
2025-12-16T20:09:01.946858,D:\education\EIAZIIS\EYAZIS\lab2\samples\test_de\deutsche_kultur_geschichte_2.pdf,frequency,de,0.3459,13
2025-12-16T20:09:01.946858,D:\education\EIAZIIS\EYAZIS\lab2\samples\test_de\deutsche_kultur_geschichte_2.pdf,short_words,ru,0.0000,13
2025-12-16T20:09:01.946858,D:\education\EIAZIIS\EYAZIS\lab2\samples\test_de\deutsche_kultur_geschichte_2.pdf,neural,de,0.9948,13
2025-12-16T20:09:01.962838,D:\education\EIAZIIS\EYAZIS\lab2\samples\test_de\Natur_Umwelt_1.pdf,frequency,de,0.5067,8
2025-12-16T20:09:01.962838,D:\education\EIAZIIS\EYAZIS\lab2\samples\test_de\Natur_Umwelt_1.pdf,short_words,de,0.0000,8
2025-12-16T20:09:01.962838,D:\education\EIAZIIS\EYAZIS\lab2\samples\test_de\Natur_Umwelt_1.pdf,neural,de,0.9983,8
2025-12-16T20:09:02.041108,D:\education\EIAZIIS\EYAZIS\lab2\samples\test_de\sample_de.pdf,frequency,de,0.3375,30
2025-12-16T20:09:02.041108,D:\education\EIAZIIS\EYAZIS\lab2\samples\test_de\sample_de.pdf,short_words,ru,0.0000,30
2025-12-16T20:09:02.041108,D:\education\EIAZIIS\EYAZIS\lab2\samples\test_de\sample_de.pdf,neural,de,0.9999,30
2025-12-16T20:09:02.093821,D:\education\EIAZIIS\EYAZIS\lab2\samples\test_de\wissenschaft_technik.pdf,frequency,de,0.4459,33
2025-12-16T20:09:02.093821,D:\education\EIAZIIS\EYAZIS\lab2\samples\test_de\wissenschaft_technik.pdf,short_words,ru,0.0000,33
2025-12-16T20:09:02.093821,D:\education\EIAZIIS\EYAZIS\lab2\samples\test_de\wissenschaft_technik.pdf,neural,de,0.9900,33
2025-12-16T20:09:19.901777,D:\education\EIAZIIS\EYAZIS\lab2\samples\test_ru\sample_ru.pdf,frequency,ru,0.0914,84
2025-12-16T20:09:19.901777,D:\education\EIAZIIS\EYAZIS\lab2\samples\test_ru\sample_ru.pdf,short_words,ru,0.0000,84
2025-12-16T20:09:19.901777,D:\education\EIAZIIS\EYAZIS\lab2\samples\test_ru\sample_ru.pdf,neural,ru,0.9964,84
2025-12-16T20:09:19.980820,D:\education\EIAZIIS\EYAZIS\lab2\samples\test_ru\sample_ru_2.pdf,frequency,ru,0.2351,71
2025-12-16T20:09:19.980820,D:\education\EIAZIIS\EYAZIS\lab2\samples\test_ru\sample_ru_2.pdf,short_words,ru,0.0000,71
2025-12-16T20:09:19.980820,D:\education\EIAZIIS\EYAZIS\lab2\samples\test_ru\sample_ru_2.pdf,neural,ru,0.9984,71
2025-12-16T20:09:20.078279,D:\education\EIAZIIS\EYAZIS\lab2\samples\test_ru\sample_ru_3.pdf,frequency,ru,0.3506,77
2025-12-16T20:09:20.078279,D:\education\EIAZIIS\EYAZIS\lab2\samples\test_ru\sample_ru_3.pdf,short_words,ru,0.0000,77
2025-12-16T20:09:20.078279,D:\education\EIAZIIS\EYAZIS\lab2\samples\test_ru\sample_ru_3.pdf,neural,ru,0.9991,77
2025-12-16T20:31:38.403392,D:\education\EIAZIIS\EYAZIS\lab2\samples\test_ru\sample_ru.pdf,frequency,ru,0.0914,74
2025-12-16T20:31:38.403392,D:\education\EIAZIIS\EYAZIS\lab2\samples\test_ru\sample_ru.pdf,short_words,ru,1.0000,74
2025-12-16T20:31:38.403392,D:\education\EIAZIIS\EYAZIS\lab2\samples\test_ru\sample_ru.pdf,neural,ru,0.9964,74
2025-12-16T20:31:38.463935,D:\education\EIAZIIS\EYAZIS\lab2\samples\test_ru\sample_ru_2.pdf,frequency,ru,0.2351,52
2025-12-16T20:31:38.463935,D:\education\EIAZIIS\EYAZIS\lab2\samples\test_ru\sample_ru_2.pdf,short_words,ru,1.0000,52
2025-12-16T20:31:38.463935,D:\education\EIAZIIS\EYAZIS\lab2\samples\test_ru\sample_ru_2.pdf,neural,ru,0.9984,52
2025-12-16T20:31:38.575402,D:\education\EIAZIIS\EYAZIS\lab2\samples\test_ru\sample_ru_3.pdf,frequency,ru,0.3506,57
2025-12-16T20:31:38.575402,D:\education\EIAZIIS\EYAZIS\lab2\samples\test_ru\sample_ru_3.pdf,short_words,ru,1.0000,57
2025-12-16T20:31:38.575402,D:\education\EIAZIIS\EYAZIS\lab2\samples\test_ru\sample_ru_3.pdf,neural,ru,0.9991,57
2025-12-16T20:31:47.674796,D:\education\EIAZIIS\EYAZIS\lab2\samples\test_de\deutsche_kultur_geschichte_2.pdf,frequency,de,0.3459,10
2025-12-16T20:31:47.674796,D:\education\EIAZIIS\EYAZIS\lab2\samples\test_de\deutsche_kultur_geschichte_2.pdf,short_words,de,1.0000,10
2025-12-16T20:31:47.674796,D:\education\EIAZIIS\EYAZIS\lab2\samples\test_de\deutsche_kultur_geschichte_2.pdf,neural,de,0.9948,10
2025-12-16T20:31:47.696488,D:\education\EIAZIIS\EYAZIS\lab2\samples\test_de\Natur_Umwelt_1.pdf,frequency,de,0.5067,12
2025-12-16T20:31:47.696488,D:\education\EIAZIIS\EYAZIS\lab2\samples\test_de\Natur_Umwelt_1.pdf,short_words,de,1.0000,12
2025-12-16T20:31:47.696488,D:\education\EIAZIIS\EYAZIS\lab2\samples\test_de\Natur_Umwelt_1.pdf,neural,de,0.9983,12
2025-12-16T20:31:47.714030,D:\education\EIAZIIS\EYAZIS\lab2\samples\test_de\sample_de.pdf,frequency,de,0.3375,5
2025-12-16T20:31:47.714030,D:\education\EIAZIIS\EYAZIS\lab2\samples\test_de\sample_de.pdf,short_words,de,1.0000,5
2025-12-16T20:31:47.714030,D:\education\EIAZIIS\EYAZIS\lab2\samples\test_de\sample_de.pdf,neural,de,0.9999,5
2025-12-16T20:31:47.732155,D:\education\EIAZIIS\EYAZIS\lab2\samples\test_de\wissenschaft_technik.pdf,frequency,de,0.4459,8
2025-12-16T20:31:47.732155,D:\education\EIAZIIS\EYAZIS\lab2\samples\test_de\wissenschaft_technik.pdf,short_words,de,1.0000,8
2025-12-16T20:31:47.732155,D:\education\EIAZIIS\EYAZIS\lab2\samples\test_de\wissenschaft_technik.pdf,neural,de,0.9900,8
2025-12-16T20:33:30.759216,D:\education\EIAZIIS\EYAZIS\lab2\samples\test_de\deutsche_kultur_geschichte_2.pdf,frequency,de,0.3459,11
2025-12-16T20:33:30.759216,D:\education\EIAZIIS\EYAZIS\lab2\samples\test_de\deutsche_kultur_geschichte_2.pdf,short_words,de,1.0000,11
2025-12-16T20:33:30.759216,D:\education\EIAZIIS\EYAZIS\lab2\samples\test_de\deutsche_kultur_geschichte_2.pdf,neural,de,0.9948,11
2025-12-16T20:33:30.775880,D:\education\EIAZIIS\EYAZIS\lab2\samples\test_de\Natur_Umwelt_1.pdf,frequency,de,0.5067,8
2025-12-16T20:33:30.775880,D:\education\EIAZIIS\EYAZIS\lab2\samples\test_de\Natur_Umwelt_1.pdf,short_words,de,1.0000,8
2025-12-16T20:33:30.775880,D:\education\EIAZIIS\EYAZIS\lab2\samples\test_de\Natur_Umwelt_1.pdf,neural,de,0.9983,8
2025-12-16T20:33:30.792502,D:\education\EIAZIIS\EYAZIS\lab2\samples\test_de\sample_de.pdf,frequency,de,0.3375,6
2025-12-16T20:33:30.792502,D:\education\EIAZIIS\EYAZIS\lab2\samples\test_de\sample_de.pdf,short_words,de,1.0000,6
2025-12-16T20:33:30.792502,D:\education\EIAZIIS\EYAZIS\lab2\samples\test_de\sample_de.pdf,neural,de,0.9999,6
2025-12-16T20:33:30.858090,D:\education\EIAZIIS\EYAZIS\lab2\samples\test_de\wissenschaft_technik.pdf,frequency,de,0.4459,11
2025-12-16T20:33:30.858090,D:\education\EIAZIIS\EYAZIS\lab2\samples\test_de\wissenschaft_technik.pdf,short_words,de,1.0000,11
2025-12-16T20:33:30.858090,D:\education\EIAZIIS\EYAZIS\lab2\samples\test_de\wissenschaft_technik.pdf,neural,de,0.9900,11
2025-12-16T20:33:40.800729,D:\education\EIAZIIS\EYAZIS\lab2\samples\test_ru\sample_ru.pdf,frequency,ru,0.0914,73
2025-12-16T20:33:40.800729,D:\education\EIAZIIS\EYAZIS\lab2\samples\test_ru\sample_ru.pdf,short_words,ru,1.0000,73
2025-12-16T20:33:40.800729,D:\education\EIAZIIS\EYAZIS\lab2\samples\test_ru\sample_ru.pdf,neural,ru,0.9964,73
2025-12-16T20:33:40.895637,D:\education\EIAZIIS\EYAZIS\lab2\samples\test_ru\sample_ru_2.pdf,frequency,ru,0.2351,87
2025-12-16T20:33:40.895637,D:\education\EIAZIIS\EYAZIS\lab2\samples\test_ru\sample_ru_2.pdf,short_words,ru,1.0000,87
2025-12-16T20:33:40.895637,D:\education\EIAZIIS\EYAZIS\lab2\samples\test_ru\sample_ru_2.pdf,neural,ru,0.9984,87
2025-12-16T20:33:40.978951,D:\education\EIAZIIS\EYAZIS\lab2\samples\test_ru\sample_ru_3.pdf,frequency,ru,0.3506,57
2025-12-16T20:33:40.978951,D:\education\EIAZIIS\EYAZIS\lab2\samples\test_ru\sample_ru_3.pdf,short_words,ru,1.0000,57
2025-12-16T20:33:40.978951,D:\education\EIAZIIS\EYAZIS\lab2\samples\test_ru\sample_ru_3.pdf,neural,ru,0.9991,57
2025-12-16T20:34:55.227460,D:\education\EIAZIIS\EYAZIS\lab2\samples\test_ru\sample_de.pdf,frequency,de,0.3375,8
2025-12-16T20:34:55.227460,D:\education\EIAZIIS\EYAZIS\lab2\samples\test_ru\sample_de.pdf,short_words,de,1.0000,8
2025-12-16T20:34:55.227460,D:\education\EIAZIIS\EYAZIS\lab2\samples\test_ru\sample_de.pdf,neural,de,0.9999,8
2025-12-16T20:34:55.304472,D:\education\EIAZIIS\EYAZIS\lab2\samples\test_ru\sample_ru.pdf,frequency,ru,0.0914,69
2025-12-16T20:34:55.304472,D:\education\EIAZIIS\EYAZIS\lab2\samples\test_ru\sample_ru.pdf,short_words,ru,1.0000,69
2025-12-16T20:34:55.304472,D:\education\EIAZIIS\EYAZIS\lab2\samples\test_ru\sample_ru.pdf,neural,ru,0.9964,69
2025-12-16T20:34:55.373115,D:\education\EIAZIIS\EYAZIS\lab2\samples\test_ru\sample_ru_2.pdf,frequency,ru,0.2351,58
2025-12-16T20:34:55.373115,D:\education\EIAZIIS\EYAZIS\lab2\samples\test_ru\sample_ru_2.pdf,short_words,ru,1.0000,58
2025-12-16T20:34:55.373115,D:\education\EIAZIIS\EYAZIS\lab2\samples\test_ru\sample_ru_2.pdf,neural,ru,0.9984,58
2025-12-16T20:34:55.498796,D:\education\EIAZIIS\EYAZIS\lab2\samples\test_ru\sample_ru_3.pdf,frequency,ru,0.3506,113
2025-12-16T20:34:55.498796,D:\education\EIAZIIS\EYAZIS\lab2\samples\test_ru\sample_ru_3.pdf,short_words,ru,1.0000,113
2025-12-16T20:34:55.498796,D:\education\EIAZIIS\EYAZIS\lab2\samples\test_ru\sample_ru_3.pdf,neural,ru,0.9991,113
2025-12-16T20:41:17.153496,D:\education\EIAZIIS\EYAZIS\lab2\samples\test_ru\sample_ru.pdf,frequency,ru,0.0914,79
2025-12-16T20:41:17.153496,D:\education\EIAZIIS\EYAZIS\lab2\samples\test_ru\sample_ru.pdf,short_words,ru,1.0000,79
2025-12-16T20:41:17.153496,D:\education\EIAZIIS\EYAZIS\lab2\samples\test_ru\sample_ru.pdf,neural,ru,0.9964,79
2025-12-16T20:41:17.231088,D:\education\EIAZIIS\EYAZIS\lab2\samples\test_ru\sample_ru_2.pdf,frequency,ru,0.2351,64
2025-12-16T20:41:17.231088,D:\education\EIAZIIS\EYAZIS\lab2\samples\test_ru\sample_ru_2.pdf,short_words,ru,1.0000,64
2025-12-16T20:41:17.231088,D:\education\EIAZIIS\EYAZIS\lab2\samples\test_ru\sample_ru_2.pdf,neural,ru,0.9984,64
2025-12-16T20:41:17.324545,D:\education\EIAZIIS\EYAZIS\lab2\samples\test_ru\sample_ru_3.pdf,frequency,ru,0.3506,58
2025-12-16T20:41:17.324545,D:\education\EIAZIIS\EYAZIS\lab2\samples\test_ru\sample_ru_3.pdf,short_words,ru,1.0000,58
2025-12-16T20:41:17.324545,D:\education\EIAZIIS\EYAZIS\lab2\samples\test_ru\sample_ru_3.pdf,neural,ru,0.9991,58
2025-12-16T20:52:10.011610,D:\education\EIAZIIS\EYAZIS\lab2\samples\test_ru\sample_ru.pdf,frequency,ru,0.0914,74
2025-12-16T20:52:10.011610,D:\education\EIAZIIS\EYAZIS\lab2\samples\test_ru\sample_ru.pdf,short_words,ru,1.0000,74
2025-12-16T20:52:10.011610,D:\education\EIAZIIS\EYAZIS\lab2\samples\test_ru\sample_ru.pdf,neural,ru,0.9964,74
2025-12-16T20:52:10.086510,D:\education\EIAZIIS\EYAZIS\lab2\samples\test_ru\sample_ru_2.pdf,frequency,ru,0.2351,66
2025-12-16T20:52:10.086510,D:\education\EIAZIIS\EYAZIS\lab2\samples\test_ru\sample_ru_2.pdf,short_words,ru,1.0000,66
2025-12-16T20:52:10.086510,D:\education\EIAZIIS\EYAZIS\lab2\samples\test_ru\sample_ru_2.pdf,neural,ru,0.9984,66
2025-12-16T20:52:10.165603,D:\education\EIAZIIS\EYAZIS\lab2\samples\test_ru\sample_ru_3.pdf,frequency,ru,0.3506,56
2025-12-16T20:52:10.165603,D:\education\EIAZIIS\EYAZIS\lab2\samples\test_ru\sample_ru_3.pdf,short_words,ru,1.0000,56
2025-12-16T20:52:10.165603,D:\education\EIAZIIS\EYAZIS\lab2\samples\test_ru\sample_ru_3.pdf,neural,ru,0.9991,56
2025-12-16T20:52:28.971746,D:\education\EIAZIIS\EYAZIS\lab2\samples\test_ru\sample_ru.pdf,frequency,ru,0.0914,73
2025-12-16T20:52:28.971746,D:\education\EIAZIIS\EYAZIS\lab2\samples\test_ru\sample_ru.pdf,short_words,ru,0.9524,73
2025-12-16T20:52:28.971746,D:\education\EIAZIIS\EYAZIS\lab2\samples\test_ru\sample_ru.pdf,neural,ru,0.9964,73
2025-12-16T20:52:29.041285,D:\education\EIAZIIS\EYAZIS\lab2\samples\test_ru\sample_ru_2.pdf,frequency,ru,0.2351,61
2025-12-16T20:52:29.041285,D:\education\EIAZIIS\EYAZIS\lab2\samples\test_ru\sample_ru_2.pdf,short_words,ru,0.9434,61
2025-12-16T20:52:29.041285,D:\education\EIAZIIS\EYAZIS\lab2\samples\test_ru\sample_ru_2.pdf,neural,ru,0.9984,61
2025-12-16T20:52:29.125186,D:\education\EIAZIIS\EYAZIS\lab2\samples\test_ru\sample_ru_3.pdf,frequency,ru,0.3506,56
2025-12-16T20:52:29.125186,D:\education\EIAZIIS\EYAZIS\lab2\samples\test_ru\sample_ru_3.pdf,short_words,ru,0.9999,56
2025-12-16T20:52:29.125186,D:\education\EIAZIIS\EYAZIS\lab2\samples\test_ru\sample_ru_3.pdf,neural,ru,0.9991,56
2025-12-16T20:52:47.072869,D:\education\EIAZIIS\EYAZIS\lab2\samples\test_ru\sample_ru.pdf,frequency,ru,0.0914,74
2025-12-16T20:52:47.072869,D:\education\EIAZIIS\EYAZIS\lab2\samples\test_ru\sample_ru.pdf,short_words,ru,1.0000,74
2025-12-16T20:52:47.072869,D:\education\EIAZIIS\EYAZIS\lab2\samples\test_ru\sample_ru.pdf,neural,ru,0.9964,74
2025-12-16T20:52:47.133606,D:\education\EIAZIIS\EYAZIS\lab2\samples\test_ru\sample_ru_2.pdf,frequency,ru,0.2351,53
2025-12-16T20:52:47.133606,D:\education\EIAZIIS\EYAZIS\lab2\samples\test_ru\sample_ru_2.pdf,short_words,ru,1.0000,53
2025-12-16T20:52:47.133606,D:\education\EIAZIIS\EYAZIS\lab2\samples\test_ru\sample_ru_2.pdf,neural,ru,0.9984,53
2025-12-16T20:52:47.201566,D:\education\EIAZIIS\EYAZIS\lab2\samples\test_ru\sample_ru_3.pdf,frequency,ru,0.3506,57
2025-12-16T20:52:47.201566,D:\education\EIAZIIS\EYAZIS\lab2\samples\test_ru\sample_ru_3.pdf,short_words,ru,1.0000,57
2025-12-16T20:52:47.201566,D:\education\EIAZIIS\EYAZIS\lab2\samples\test_ru\sample_ru_3.pdf,neural,ru,0.9991,57
2025-12-17T14:43:02.044070,D:\Programming\GIT\.venv\EYAZIS\lab2\samples\test_ru\sample_ru.pdf,frequency,ru,0.0914,193
2025-12-17T14:43:02.044070,D:\Programming\GIT\.venv\EYAZIS\lab2\samples\test_ru\sample_ru.pdf,short_words,ru,1.0000,193
2025-12-17T14:43:02.044070,D:\Programming\GIT\.venv\EYAZIS\lab2\samples\test_ru\sample_ru.pdf,neural,unknown,0.0000,193
2025-12-17T14:43:02.193840,D:\Programming\GIT\.venv\EYAZIS\lab2\samples\test_ru\sample_ru_2.pdf,frequency,ru,0.2351,129
2025-12-17T14:43:02.193840,D:\Programming\GIT\.venv\EYAZIS\lab2\samples\test_ru\sample_ru_2.pdf,short_words,ru,1.0000,129
2025-12-17T14:43:02.193840,D:\Programming\GIT\.venv\EYAZIS\lab2\samples\test_ru\sample_ru_2.pdf,neural,unknown,0.0000,129
2025-12-17T14:43:02.349676,D:\Programming\GIT\.venv\EYAZIS\lab2\samples\test_ru\sample_ru_3.pdf,frequency,ru,0.3506,133
2025-12-17T14:43:02.349676,D:\Programming\GIT\.venv\EYAZIS\lab2\samples\test_ru\sample_ru_3.pdf,short_words,ru,1.0000,133
2025-12-17T14:43:02.349676,D:\Programming\GIT\.venv\EYAZIS\lab2\samples\test_ru\sample_ru_3.pdf,neural,unknown,0.0000,133
2025-12-17T14:44:31.082586,D:\Programming\GIT\.venv\EYAZIS\lab2\samples\test_de\deutsche_kultur_geschichte_2.pdf,frequency,de,0.3459,23
2025-12-17T14:44:31.082586,D:\Programming\GIT\.venv\EYAZIS\lab2\samples\test_de\deutsche_kultur_geschichte_2.pdf,short_words,de,1.0000,23
2025-12-17T14:44:31.082586,D:\Programming\GIT\.venv\EYAZIS\lab2\samples\test_de\deutsche_kultur_geschichte_2.pdf,neural,unknown,0.0000,23
2025-12-17T14:44:31.127713,D:\Programming\GIT\.venv\EYAZIS\lab2\samples\test_de\Natur_Umwelt_1.pdf,frequency,de,0.5067,20
2025-12-17T14:44:31.127713,D:\Programming\GIT\.venv\EYAZIS\lab2\samples\test_de\Natur_Umwelt_1.pdf,short_words,de,1.0000,20
2025-12-17T14:44:31.127713,D:\Programming\GIT\.venv\EYAZIS\lab2\samples\test_de\Natur_Umwelt_1.pdf,neural,unknown,0.0000,20
2025-12-17T14:44:31.167047,D:\Programming\GIT\.venv\EYAZIS\lab2\samples\test_de\sample_de.pdf,frequency,de,0.3375,10
2025-12-17T14:44:31.167047,D:\Programming\GIT\.venv\EYAZIS\lab2\samples\test_de\sample_de.pdf,short_words,de,1.0000,10
2025-12-17T14:44:31.167047,D:\Programming\GIT\.venv\EYAZIS\lab2\samples\test_de\sample_de.pdf,neural,unknown,0.0000,10
2025-12-17T14:44:31.212845,D:\Programming\GIT\.venv\EYAZIS\lab2\samples\test_de\wissenschaft_technik.pdf,frequency,de,0.4459,20
2025-12-17T14:44:31.212845,D:\Programming\GIT\.venv\EYAZIS\lab2\samples\test_de\wissenschaft_technik.pdf,short_words,de,1.0000,20
2025-12-17T14:44:31.212845,D:\Programming\GIT\.venv\EYAZIS\lab2\samples\test_de\wissenschaft_technik.pdf,neural,unknown,0.0000,20
2025-12-17T14:45:36.011752,D:\Programming\GIT\.venv\EYAZIS\lab2\samples\test_de\deutsche_kultur_geschichte_2.pdf,frequency,de,0.3459,22
2025-12-17T14:45:36.011752,D:\Programming\GIT\.venv\EYAZIS\lab2\samples\test_de\deutsche_kultur_geschichte_2.pdf,short_words,de,1.0000,22
2025-12-17T14:45:36.011752,D:\Programming\GIT\.venv\EYAZIS\lab2\samples\test_de\deutsche_kultur_geschichte_2.pdf,neural,unknown,0.0000,22
2025-12-17T14:45:36.055247,D:\Programming\GIT\.venv\EYAZIS\lab2\samples\test_de\Natur_Umwelt_1.pdf,frequency,de,0.5067,23
2025-12-17T14:45:36.055247,D:\Programming\GIT\.venv\EYAZIS\lab2\samples\test_de\Natur_Umwelt_1.pdf,short_words,de,1.0000,23
2025-12-17T14:45:36.055247,D:\Programming\GIT\.venv\EYAZIS\lab2\samples\test_de\Natur_Umwelt_1.pdf,neural,unknown,0.0000,23
2025-12-17T14:45:36.096684,D:\Programming\GIT\.venv\EYAZIS\lab2\samples\test_de\sample_de.pdf,frequency,de,0.3375,12
2025-12-17T14:45:36.096684,D:\Programming\GIT\.venv\EYAZIS\lab2\samples\test_de\sample_de.pdf,short_words,de,1.0000,12
2025-12-17T14:45:36.096684,D:\Programming\GIT\.venv\EYAZIS\lab2\samples\test_de\sample_de.pdf,neural,unknown,0.0000,12
2025-12-17T14:45:36.140895,D:\Programming\GIT\.venv\EYAZIS\lab2\samples\test_de\wissenschaft_technik.pdf,frequency,de,0.4459,20
2025-12-17T14:45:36.140895,D:\Programming\GIT\.venv\EYAZIS\lab2\samples\test_de\wissenschaft_technik.pdf,short_words,de,1.0000,20
2025-12-17T14:45:36.140895,D:\Programming\GIT\.venv\EYAZIS\lab2\samples\test_de\wissenschaft_technik.pdf,neural,unknown,0.0000,20
2025-12-17T14:45:54.370451,D:\Programming\GIT\.venv\EYAZIS\lab2\samples\test_de\deutsche_kultur_geschichte_2.pdf,frequency,de,0.3459,24
2025-12-17T14:45:54.370451,D:\Programming\GIT\.venv\EYAZIS\lab2\samples\test_de\deutsche_kultur_geschichte_2.pdf,short_words,de,1.0000,24
2025-12-17T14:45:54.370451,D:\Programming\GIT\.venv\EYAZIS\lab2\samples\test_de\deutsche_kultur_geschichte_2.pdf,neural,unknown,0.0000,24
2025-12-17T14:45:54.409915,D:\Programming\GIT\.venv\EYAZIS\lab2\samples\test_de\Natur_Umwelt_1.pdf,frequency,de,0.5067,19
2025-12-17T14:45:54.409915,D:\Programming\GIT\.venv\EYAZIS\lab2\samples\test_de\Natur_Umwelt_1.pdf,short_words,de,1.0000,19
2025-12-17T14:45:54.409915,D:\Programming\GIT\.venv\EYAZIS\lab2\samples\test_de\Natur_Umwelt_1.pdf,neural,unknown,0.0000,19
2025-12-17T14:45:54.450118,D:\Programming\GIT\.venv\EYAZIS\lab2\samples\test_de\sample_de.pdf,frequency,de,0.3375,11
2025-12-17T14:45:54.450118,D:\Programming\GIT\.venv\EYAZIS\lab2\samples\test_de\sample_de.pdf,short_words,de,1.0000,11
2025-12-17T14:45:54.450118,D:\Programming\GIT\.venv\EYAZIS\lab2\samples\test_de\sample_de.pdf,neural,unknown,0.0000,11
2025-12-17T14:45:54.509481,D:\Programming\GIT\.venv\EYAZIS\lab2\samples\test_de\wissenschaft_technik.pdf,frequency,de,0.4459,31
2025-12-17T14:45:54.509481,D:\Programming\GIT\.venv\EYAZIS\lab2\samples\test_de\wissenschaft_technik.pdf,short_words,de,1.0000,31
2025-12-17T14:45:54.509481,D:\Programming\GIT\.venv\EYAZIS\lab2\samples\test_de\wissenschaft_technik.pdf,neural,unknown,0.0000,31
2025-12-17T14:46:31.423016,D:\Programming\GIT\.venv\EYAZIS\lab2\samples\train_de\Dzhon_Ronald_Ruel_Tolkin_Der_kleine_Hobbit_RuLit_Net_257972.pdf,frequency,de,1.0000,36887
2025-12-17T14:46:31.423016,D:\Programming\GIT\.venv\EYAZIS\lab2\samples\train_de\Dzhon_Ronald_Ruel_Tolkin_Der_kleine_Hobbit_RuLit_Net_257972.pdf,short_words,de,1.0000,36887
2025-12-17T14:46:31.423016,D:\Programming\GIT\.venv\EYAZIS\lab2\samples\train_de\Dzhon_Ronald_Ruel_Tolkin_Der_kleine_Hobbit_RuLit_Net_257972.pdf,neural,unknown,0.0000,36887
2025-12-17T14:53:14.341326,D:\Programming\GIT\.venv\EYAZIS\lab2\samples\test_de\deutsche_kultur_geschichte_2.pdf,frequency,de,0.3459,27
2025-12-17T14:53:14.341326,D:\Programming\GIT\.venv\EYAZIS\lab2\samples\test_de\deutsche_kultur_geschichte_2.pdf,short_words,de,1.0000,27
2025-12-17T14:53:14.341326,D:\Programming\GIT\.venv\EYAZIS\lab2\samples\test_de\deutsche_kultur_geschichte_2.pdf,neural,de,0.9948,27
2025-12-17T14:53:14.386965,D:\Programming\GIT\.venv\EYAZIS\lab2\samples\test_de\Natur_Umwelt_1.pdf,frequency,de,0.5067,23
2025-12-17T14:53:14.386965,D:\Programming\GIT\.venv\EYAZIS\lab2\samples\test_de\Natur_Umwelt_1.pdf,short_words,de,1.0000,23
2025-12-17T14:53:14.386965,D:\Programming\GIT\.venv\EYAZIS\lab2\samples\test_de\Natur_Umwelt_1.pdf,neural,de,0.9983,23
2025-12-17T14:53:14.423057,D:\Programming\GIT\.venv\EYAZIS\lab2\samples\test_de\sample_de.pdf,frequency,de,0.3375,12
2025-12-17T14:53:14.423057,D:\Programming\GIT\.venv\EYAZIS\lab2\samples\test_de\sample_de.pdf,short_words,de,1.0000,12
2025-12-17T14:53:14.423057,D:\Programming\GIT\.venv\EYAZIS\lab2\samples\test_de\sample_de.pdf,neural,de,0.9999,12
2025-12-17T14:53:14.468846,D:\Programming\GIT\.venv\EYAZIS\lab2\samples\test_de\wissenschaft_technik.pdf,frequency,de,0.4459,20
2025-12-17T14:53:14.468846,D:\Programming\GIT\.venv\EYAZIS\lab2\samples\test_de\wissenschaft_technik.pdf,short_words,de,1.0000,20
2025-12-17T14:53:14.468846,D:\Programming\GIT\.venv\EYAZIS\lab2\samples\test_de\wissenschaft_technik.pdf,neural,de,0.9900,20
2025-12-17T14:53:38.851622,D:\Programming\GIT\.venv\EYAZIS\lab2\samples\test_ru\sample_ru.pdf,frequency,ru,0.0914,190
2025-12-17T14:53:38.851622,D:\Programming\GIT\.venv\EYAZIS\lab2\samples\test_ru\sample_ru.pdf,short_words,ru,1.0000,190
2025-12-17T14:53:38.851622,D:\Programming\GIT\.venv\EYAZIS\lab2\samples\test_ru\sample_ru.pdf,neural,ru,0.9964,190
2025-12-17T14:53:39.007479,D:\Programming\GIT\.venv\EYAZIS\lab2\samples\test_ru\sample_ru_2.pdf,frequency,ru,0.2351,134
2025-12-17T14:53:39.007479,D:\Programming\GIT\.venv\EYAZIS\lab2\samples\test_ru\sample_ru_2.pdf,short_words,ru,1.0000,134
2025-12-17T14:53:39.007479,D:\Programming\GIT\.venv\EYAZIS\lab2\samples\test_ru\sample_ru_2.pdf,neural,ru,0.9984,134
2025-12-17T14:53:39.179783,D:\Programming\GIT\.venv\EYAZIS\lab2\samples\test_ru\sample_ru_3.pdf,frequency,ru,0.3506,147
2025-12-17T14:53:39.179783,D:\Programming\GIT\.venv\EYAZIS\lab2\samples\test_ru\sample_ru_3.pdf,short_words,ru,1.0000,147
2025-12-17T14:53:39.179783,D:\Programming\GIT\.venv\EYAZIS\lab2\samples\test_ru\sample_ru_3.pdf,neural,ru,0.9991,147
2025-12-17T15:18:09.417542,D:\Programming\GIT\.venv\EYAZIS\lab2\samples\test_ru\sample_ru.pdf,frequency,ru,0.0914,172
2025-12-17T15:18:09.417542,D:\Programming\GIT\.venv\EYAZIS\lab2\samples\test_ru\sample_ru.pdf,short_words,ru,1.0000,172
2025-12-17T15:18:09.417542,D:\Programming\GIT\.venv\EYAZIS\lab2\samples\test_ru\sample_ru.pdf,neural,ru,0.9964,172
2025-12-17T15:18:09.577415,D:\Programming\GIT\.venv\EYAZIS\lab2\samples\test_ru\sample_ru_2.pdf,frequency,ru,0.2351,140
2025-12-17T15:18:09.577415,D:\Programming\GIT\.venv\EYAZIS\lab2\samples\test_ru\sample_ru_2.pdf,short_words,ru,1.0000,140
2025-12-17T15:18:09.577415,D:\Programming\GIT\.venv\EYAZIS\lab2\samples\test_ru\sample_ru_2.pdf,neural,ru,0.9984,140
2025-12-17T15:18:09.821680,D:\Programming\GIT\.venv\EYAZIS\lab2\samples\test_ru\sample_ru_3.pdf,frequency,ru,0.3506,136
2025-12-17T15:18:09.821680,D:\Programming\GIT\.venv\EYAZIS\lab2\samples\test_ru\sample_ru_3.pdf,short_words,ru,1.0000,136
2025-12-17T15:18:09.821680,D:\Programming\GIT\.venv\EYAZIS\lab2\samples\test_ru\sample_ru_3.pdf,neural,ru,0.9991,136
2025-12-17T16:05:44.403089,D:\Programming\GIT\.venv\EYAZIS\lab2\samples\test_ru\sample_ru.pdf,frequency,ru,0.0914,183
2025-12-17T16:05:44.403089,D:\Programming\GIT\.venv\EYAZIS\lab2\samples\test_ru\sample_ru.pdf,short_words,ru,1.0000,183
2025-12-17T16:05:44.403089,D:\Programming\GIT\.venv\EYAZIS\lab2\samples\test_ru\sample_ru.pdf,neural,ru,0.9964,183
2025-12-17T16:05:44.570269,D:\Programming\GIT\.venv\EYAZIS\lab2\samples\test_ru\sample_ru_2.pdf,frequency,ru,0.2351,138
2025-12-17T16:05:44.570269,D:\Programming\GIT\.venv\EYAZIS\lab2\samples\test_ru\sample_ru_2.pdf,short_words,ru,1.0000,138
2025-12-17T16:05:44.570269,D:\Programming\GIT\.venv\EYAZIS\lab2\samples\test_ru\sample_ru_2.pdf,neural,ru,0.9984,138
2025-12-17T16:05:44.751209,D:\Programming\GIT\.venv\EYAZIS\lab2\samples\test_ru\sample_ru_3.pdf,frequency,ru,0.3506,151
2025-12-17T16:05:44.751209,D:\Programming\GIT\.venv\EYAZIS\lab2\samples\test_ru\sample_ru_3.pdf,short_words,ru,1.0000,151
2025-12-17T16:05:44.751209,D:\Programming\GIT\.venv\EYAZIS\lab2\samples\test_ru\sample_ru_3.pdf,neural,ru,0.9991,151
2025-12-17T16:08:30.406159,D:\Programming\GIT\.venv\EYAZIS\lab2\samples\test_ru\sample_ru.pdf,frequency,ru,0.0914,187
2025-12-17T16:08:30.406159,D:\Programming\GIT\.venv\EYAZIS\lab2\samples\test_ru\sample_ru.pdf,short_words,ru,0.9750,187
2025-12-17T16:08:30.406159,D:\Programming\GIT\.venv\EYAZIS\lab2\samples\test_ru\sample_ru.pdf,neural,ru,0.9964,187
2025-12-17T16:08:30.590848,D:\Programming\GIT\.venv\EYAZIS\lab2\samples\test_ru\sample_ru_2.pdf,frequency,ru,0.2351,154
2025-12-17T16:08:30.590848,D:\Programming\GIT\.venv\EYAZIS\lab2\samples\test_ru\sample_ru_2.pdf,short_words,ru,0.9983,154
2025-12-17T16:08:30.590848,D:\Programming\GIT\.venv\EYAZIS\lab2\samples\test_ru\sample_ru_2.pdf,neural,ru,0.9984,154
2025-12-17T16:08:30.790515,D:\Programming\GIT\.venv\EYAZIS\lab2\samples\test_ru\sample_ru_3.pdf,frequency,ru,0.3506,165
2025-12-17T16:08:30.790515,D:\Programming\GIT\.venv\EYAZIS\lab2\samples\test_ru\sample_ru_3.pdf,short_words,ru,1.0000,165
2025-12-17T16:08:30.790515,D:\Programming\GIT\.venv\EYAZIS\lab2\samples\test_ru\sample_ru_3.pdf,neural,ru,0.9991,165
2025-12-17T16:09:07.400257,D:\Programming\GIT\.venv\EYAZIS\lab2\samples\test_ru\sample_ru.pdf,frequency,ru,0.0914,189
2025-12-17T16:09:07.400257,D:\Programming\GIT\.venv\EYAZIS\lab2\samples\test_ru\sample_ru.pdf,short_words,ru,0.5305,189
2025-12-17T16:09:07.400257,D:\Programming\GIT\.venv\EYAZIS\lab2\samples\test_ru\sample_ru.pdf,neural,ru,0.9964,189
2025-12-17T16:09:07.570239,D:\Programming\GIT\.venv\EYAZIS\lab2\samples\test_ru\sample_ru_2.pdf,frequency,ru,0.2351,145
2025-12-17T16:09:07.570239,D:\Programming\GIT\.venv\EYAZIS\lab2\samples\test_ru\sample_ru_2.pdf,short_words,ru,0.5529,145
2025-12-17T16:09:07.570239,D:\Programming\GIT\.venv\EYAZIS\lab2\samples\test_ru\sample_ru_2.pdf,neural,ru,0.9984,145
2025-12-17T16:09:07.753499,D:\Programming\GIT\.venv\EYAZIS\lab2\samples\test_ru\sample_ru_3.pdf,frequency,ru,0.3506,152
2025-12-17T16:09:07.753499,D:\Programming\GIT\.venv\EYAZIS\lab2\samples\test_ru\sample_ru_3.pdf,short_words,ru,0.6349,152
2025-12-17T16:09:07.753499,D:\Programming\GIT\.venv\EYAZIS\lab2\samples\test_ru\sample_ru_3.pdf,neural,ru,0.9991,152
2025-12-17T16:09:47.486036,D:\Programming\GIT\.venv\EYAZIS\lab2\samples\test_ru\sample_ru.pdf,frequency,ru,0.0914,182
2025-12-17T16:09:47.486036,D:\Programming\GIT\.venv\EYAZIS\lab2\samples\test_ru\sample_ru.pdf,short_words,ru,0.6197,182
2025-12-17T16:09:47.486036,D:\Programming\GIT\.venv\EYAZIS\lab2\samples\test_ru\sample_ru.pdf,neural,ru,0.9964,182
2025-12-17T16:09:47.656222,D:\Programming\GIT\.venv\EYAZIS\lab2\samples\test_ru\sample_ru_2.pdf,frequency,ru,0.2351,147
2025-12-17T16:09:47.656222,D:\Programming\GIT\.venv\EYAZIS\lab2\samples\test_ru\sample_ru_2.pdf,short_words,ru,0.7004,147
2025-12-17T16:09:47.656222,D:\Programming\GIT\.venv\EYAZIS\lab2\samples\test_ru\sample_ru_2.pdf,neural,ru,0.9984,147
2025-12-17T16:09:47.836306,D:\Programming\GIT\.venv\EYAZIS\lab2\samples\test_ru\sample_ru_3.pdf,frequency,ru,0.3506,153
2025-12-17T16:09:47.836306,D:\Programming\GIT\.venv\EYAZIS\lab2\samples\test_ru\sample_ru_3.pdf,short_words,ru,0.9014,153
2025-12-17T16:09:47.836306,D:\Programming\GIT\.venv\EYAZIS\lab2\samples\test_ru\sample_ru_3.pdf,neural,ru,0.9991,153
2025-12-17T16:10:32.155664,D:\Programming\GIT\.venv\EYAZIS\lab2\samples\test_ru\sample_ru.pdf,frequency,ru,0.0914,174
2025-12-17T16:10:32.155664,D:\Programming\GIT\.venv\EYAZIS\lab2\samples\test_ru\sample_ru.pdf,short_words,ru,0.6197,174
2025-12-17T16:10:32.155664,D:\Programming\GIT\.venv\EYAZIS\lab2\samples\test_ru\sample_ru.pdf,neural,ru,0.9964,174
2025-12-17T16:10:32.323214,D:\Programming\GIT\.venv\EYAZIS\lab2\samples\test_ru\sample_ru_2.pdf,frequency,ru,0.2351,146
2025-12-17T16:10:32.323214,D:\Programming\GIT\.venv\EYAZIS\lab2\samples\test_ru\sample_ru_2.pdf,short_words,ru,0.7004,146
2025-12-17T16:10:32.323214,D:\Programming\GIT\.venv\EYAZIS\lab2\samples\test_ru\sample_ru_2.pdf,neural,ru,0.9984,146
2025-12-17T16:10:32.487474,D:\Programming\GIT\.venv\EYAZIS\lab2\samples\test_ru\sample_ru_3.pdf,frequency,ru,0.3506,138
2025-12-17T16:10:32.487474,D:\Programming\GIT\.venv\EYAZIS\lab2\samples\test_ru\sample_ru_3.pdf,short_words,ru,0.9014,138
2025-12-17T16:10:32.487474,D:\Programming\GIT\.venv\EYAZIS\lab2\samples\test_ru\sample_ru_3.pdf,neural,ru,0.9991,138
2025-12-17T17:23:10.494060,D:\Programming\GIT\.venv\EYAZIS\lab2\samples\test_ru\sample_ru.pdf,frequency,ru,0.0914,213
2025-12-17T17:23:10.494060,D:\Programming\GIT\.venv\EYAZIS\lab2\samples\test_ru\sample_ru.pdf,short_words,ru,0.5607,213
2025-12-17T17:23:10.494060,D:\Programming\GIT\.venv\EYAZIS\lab2\samples\test_ru\sample_ru.pdf,neural,ru,0.9964,213
2025-12-17T17:23:10.674409,D:\Programming\GIT\.venv\EYAZIS\lab2\samples\test_ru\sample_ru_2.pdf,frequency,ru,0.2351,156
2025-12-17T17:23:10.674409,D:\Programming\GIT\.venv\EYAZIS\lab2\samples\test_ru\sample_ru_2.pdf,short_words,ru,0.6046,156
2025-12-17T17:23:10.674409,D:\Programming\GIT\.venv\EYAZIS\lab2\samples\test_ru\sample_ru_2.pdf,neural,ru,0.9984,156
2025-12-17T17:23:10.878867,D:\Programming\GIT\.venv\EYAZIS\lab2\samples\test_ru\sample_ru_3.pdf,frequency,ru,0.3506,176
2025-12-17T17:23:10.878867,D:\Programming\GIT\.venv\EYAZIS\lab2\samples\test_ru\sample_ru_3.pdf,short_words,ru,0.7515,176
2025-12-17T17:23:10.878867,D:\Programming\GIT\.venv\EYAZIS\lab2\samples\test_ru\sample_ru_3.pdf,neural,ru,0.9991,176
2025-12-17T17:27:05.314006,D:\Programming\GIT\.venv\EYAZIS\lab2\samples\test_de\deutsche_kultur_geschichte_2.pdf,frequency,de,0.3459,28
2025-12-17T17:27:05.314006,D:\Programming\GIT\.venv\EYAZIS\lab2\samples\test_de\deutsche_kultur_geschichte_2.pdf,short_words,de,0.7141,28
2025-12-17T17:27:05.314006,D:\Programming\GIT\.venv\EYAZIS\lab2\samples\test_de\deutsche_kultur_geschichte_2.pdf,neural,de,0.9948,28
2025-12-17T17:27:05.360833,D:\Programming\GIT\.venv\EYAZIS\lab2\samples\test_de\Natur_Umwelt_1.pdf,frequency,de,0.5067,23
2025-12-17T17:27:05.360833,D:\Programming\GIT\.venv\EYAZIS\lab2\samples\test_de\Natur_Umwelt_1.pdf,short_words,de,0.7173,23
2025-12-17T17:27:05.360833,D:\Programming\GIT\.venv\EYAZIS\lab2\samples\test_de\Natur_Umwelt_1.pdf,neural,de,0.9983,23
2025-12-17T17:27:05.404003,D:\Programming\GIT\.venv\EYAZIS\lab2\samples\test_de\sample_de.pdf,frequency,de,0.3375,12
2025-12-17T17:27:05.404003,D:\Programming\GIT\.venv\EYAZIS\lab2\samples\test_de\sample_de.pdf,short_words,de,0.7523,12
2025-12-17T17:27:05.404003,D:\Programming\GIT\.venv\EYAZIS\lab2\samples\test_de\sample_de.pdf,neural,de,0.9999,12
2025-12-17T17:27:05.452390,D:\Programming\GIT\.venv\EYAZIS\lab2\samples\test_de\wissenschaft_technik.pdf,frequency,de,0.4459,21
2025-12-17T17:27:05.452390,D:\Programming\GIT\.venv\EYAZIS\lab2\samples\test_de\wissenschaft_technik.pdf,short_words,de,0.7121,21
2025-12-17T17:27:05.452390,D:\Programming\GIT\.venv\EYAZIS\lab2\samples\test_de\wissenschaft_technik.pdf,neural,de,0.9900,21
2025-12-18T20:17:27.377891,D:\Programming\GIT\.venv\EYAZIS\lab2\samples\test_de\deutsche_kultur_geschichte_2.pdf,frequency,de,0.3459,27
2025-12-18T20:17:27.377891,D:\Programming\GIT\.venv\EYAZIS\lab2\samples\test_de\deutsche_kultur_geschichte_2.pdf,short_words,de,0.7141,27
2025-12-18T20:17:27.377891,D:\Programming\GIT\.venv\EYAZIS\lab2\samples\test_de\deutsche_kultur_geschichte_2.pdf,neural,de,0.9948,27
2025-12-18T20:17:27.465497,D:\Programming\GIT\.venv\EYAZIS\lab2\samples\test_de\Natur_Umwelt_1.pdf,frequency,de,0.5067,16
2025-12-18T20:17:27.465497,D:\Programming\GIT\.venv\EYAZIS\lab2\samples\test_de\Natur_Umwelt_1.pdf,short_words,de,0.7173,16
2025-12-18T20:17:27.465497,D:\Programming\GIT\.venv\EYAZIS\lab2\samples\test_de\Natur_Umwelt_1.pdf,neural,de,0.9983,16
2025-12-18T20:17:27.497538,D:\Programming\GIT\.venv\EYAZIS\lab2\samples\test_de\sample_de.pdf,frequency,de,0.3375,23
2025-12-18T20:17:27.497538,D:\Programming\GIT\.venv\EYAZIS\lab2\samples\test_de\sample_de.pdf,short_words,de,0.7523,23
2025-12-18T20:17:27.497538,D:\Programming\GIT\.venv\EYAZIS\lab2\samples\test_de\sample_de.pdf,neural,de,0.9999,23
2025-12-18T20:17:27.566974,D:\Programming\GIT\.venv\EYAZIS\lab2\samples\test_de\wissenschaft_technik.pdf,frequency,de,0.4459,35
2025-12-18T20:17:27.566974,D:\Programming\GIT\.venv\EYAZIS\lab2\samples\test_de\wissenschaft_technik.pdf,short_words,de,0.7121,35
2025-12-18T20:17:27.566974,D:\Programming\GIT\.venv\EYAZIS\lab2\samples\test_de\wissenschaft_technik.pdf,neural,de,0.9900,35
2025-12-18T20:27:18.679262,D:\Programming\GIT\.venv\EYAZIS\lab2\samples\test_de\deutsche_kultur_geschichte_2.pdf,frequency,de,0.3459,17
2025-12-18T20:27:18.679262,D:\Programming\GIT\.venv\EYAZIS\lab2\samples\test_de\deutsche_kultur_geschichte_2.pdf,short_words,de,0.7141,17
2025-12-18T20:27:18.679262,D:\Programming\GIT\.venv\EYAZIS\lab2\samples\test_de\deutsche_kultur_geschichte_2.pdf,neural,de,0.9948,17
2025-12-18T20:27:18.722066,D:\Programming\GIT\.venv\EYAZIS\lab2\samples\test_de\Natur_Umwelt_1.pdf,frequency,de,0.5067,34
2025-12-18T20:27:18.722066,D:\Programming\GIT\.venv\EYAZIS\lab2\samples\test_de\Natur_Umwelt_1.pdf,short_words,de,0.7173,34
2025-12-18T20:27:18.722066,D:\Programming\GIT\.venv\EYAZIS\lab2\samples\test_de\Natur_Umwelt_1.pdf,neural,de,0.9983,34
2025-12-18T20:27:18.753983,D:\Programming\GIT\.venv\EYAZIS\lab2\samples\test_de\sample_de.pdf,frequency,de,0.3375,13
2025-12-18T20:27:18.753983,D:\Programming\GIT\.venv\EYAZIS\lab2\samples\test_de\sample_de.pdf,short_words,de,0.7523,13
2025-12-18T20:27:18.753983,D:\Programming\GIT\.venv\EYAZIS\lab2\samples\test_de\sample_de.pdf,neural,de,0.9999,13
2025-12-18T20:27:18.800109,D:\Programming\GIT\.venv\EYAZIS\lab2\samples\test_de\wissenschaft_technik.pdf,frequency,de,0.4459,33
2025-12-18T20:27:18.800109,D:\Programming\GIT\.venv\EYAZIS\lab2\samples\test_de\wissenschaft_technik.pdf,short_words,de,0.7121,33
2025-12-18T20:27:18.800109,D:\Programming\GIT\.venv\EYAZIS\lab2\samples\test_de\wissenschaft_technik.pdf,neural,de,0.9900,33
2025-12-18T20:39:16.200140,D:\Programming\GIT\.venv\EYAZIS\lab2\samples\test_de\deutsche_kultur_geschichte_2.pdf,frequency,de,0.3459,15
2025-12-18T20:39:16.200140,D:\Programming\GIT\.venv\EYAZIS\lab2\samples\test_de\deutsche_kultur_geschichte_2.pdf,short_words,ru,0.7773,15
2025-12-18T20:39:16.200140,D:\Programming\GIT\.venv\EYAZIS\lab2\samples\test_de\deutsche_kultur_geschichte_2.pdf,neural,de,0.9948,15
2025-12-18T20:39:16.221325,D:\Programming\GIT\.venv\EYAZIS\lab2\samples\test_de\Natur_Umwelt_1.pdf,frequency,de,0.5067,10
2025-12-18T20:39:16.221325,D:\Programming\GIT\.venv\EYAZIS\lab2\samples\test_de\Natur_Umwelt_1.pdf,short_words,ru,0.7372,10
2025-12-18T20:39:16.221325,D:\Programming\GIT\.venv\EYAZIS\lab2\samples\test_de\Natur_Umwelt_1.pdf,neural,de,0.9983,10
2025-12-18T20:39:16.239968,D:\Programming\GIT\.venv\EYAZIS\lab2\samples\test_de\sample_de.pdf,frequency,de,0.3375,6
2025-12-18T20:39:16.239968,D:\Programming\GIT\.venv\EYAZIS\lab2\samples\test_de\sample_de.pdf,short_words,ru,0.6938,6
2025-12-18T20:39:16.239968,D:\Programming\GIT\.venv\EYAZIS\lab2\samples\test_de\sample_de.pdf,neural,de,0.9999,6
2025-12-18T20:39:16.261383,D:\Programming\GIT\.venv\EYAZIS\lab2\samples\test_de\wissenschaft_technik.pdf,frequency,de,0.4459,9
2025-12-18T20:39:16.261383,D:\Programming\GIT\.venv\EYAZIS\lab2\samples\test_de\wissenschaft_technik.pdf,short_words,ru,0.7402,9
2025-12-18T20:39:16.261383,D:\Programming\GIT\.venv\EYAZIS\lab2\samples\test_de\wissenschaft_technik.pdf,neural,de,0.9900,9
2025-12-18T20:40:25.227415,D:\Programming\GIT\.venv\EYAZIS\lab2\samples\test_de\deutsche_kultur_geschichte_2.pdf,frequency,de,0.3459,11
2025-12-18T20:40:25.227415,D:\Programming\GIT\.venv\EYAZIS\lab2\samples\test_de\deutsche_kultur_geschichte_2.pdf,short_words,ru,0.7773,11
2025-12-18T20:40:25.227415,D:\Programming\GIT\.venv\EYAZIS\lab2\samples\test_de\deutsche_kultur_geschichte_2.pdf,neural,de,0.9948,11
2025-12-18T20:40:25.248288,D:\Programming\GIT\.venv\EYAZIS\lab2\samples\test_de\Natur_Umwelt_1.pdf,frequency,de,0.5067,9
2025-12-18T20:40:25.248288,D:\Programming\GIT\.venv\EYAZIS\lab2\samples\test_de\Natur_Umwelt_1.pdf,short_words,ru,0.7372,9
2025-12-18T20:40:25.248288,D:\Programming\GIT\.venv\EYAZIS\lab2\samples\test_de\Natur_Umwelt_1.pdf,neural,de,0.9983,9
2025-12-18T20:40:25.265425,D:\Programming\GIT\.venv\EYAZIS\lab2\samples\test_de\sample_de.pdf,frequency,de,0.3375,6
2025-12-18T20:40:25.265425,D:\Programming\GIT\.venv\EYAZIS\lab2\samples\test_de\sample_de.pdf,short_words,ru,0.6938,6
2025-12-18T20:40:25.265425,D:\Programming\GIT\.venv\EYAZIS\lab2\samples\test_de\sample_de.pdf,neural,de,0.9999,6
2025-12-18T20:40:25.286651,D:\Programming\GIT\.venv\EYAZIS\lab2\samples\test_de\wissenschaft_technik.pdf,frequency,de,0.4459,9
2025-12-18T20:40:25.286651,D:\Programming\GIT\.venv\EYAZIS\lab2\samples\test_de\wissenschaft_technik.pdf,short_words,ru,0.7402,9
2025-12-18T20:40:25.286651,D:\Programming\GIT\.venv\EYAZIS\lab2\samples\test_de\wissenschaft_technik.pdf,neural,de,0.9900,9
2025-12-18T20:40:34.759760,D:\Programming\GIT\.venv\EYAZIS\lab2\samples\test_ru\sample_ru.pdf,frequency,ru,0.0914,103
2025-12-18T20:40:34.759760,D:\Programming\GIT\.venv\EYAZIS\lab2\samples\test_ru\sample_ru.pdf,short_words,ru,0.9775,103
2025-12-18T20:40:34.759760,D:\Programming\GIT\.venv\EYAZIS\lab2\samples\test_ru\sample_ru.pdf,neural,ru,0.9964,103
2025-12-18T20:40:34.862035,D:\Programming\GIT\.venv\EYAZIS\lab2\samples\test_ru\sample_ru_2.pdf,frequency,ru,0.2351,92
2025-12-18T20:40:34.862035,D:\Programming\GIT\.venv\EYAZIS\lab2\samples\test_ru\sample_ru_2.pdf,short_words,ru,0.9938,92
2025-12-18T20:40:34.862035,D:\Programming\GIT\.venv\EYAZIS\lab2\samples\test_ru\sample_ru_2.pdf,neural,ru,0.9984,92
2025-12-18T20:40:34.963479,D:\Programming\GIT\.venv\EYAZIS\lab2\samples\test_ru\sample_ru_3.pdf,frequency,ru,0.3506,80
2025-12-18T20:40:34.963479,D:\Programming\GIT\.venv\EYAZIS\lab2\samples\test_ru\sample_ru_3.pdf,short_words,ru,0.9873,80
2025-12-18T20:40:34.963479,D:\Programming\GIT\.venv\EYAZIS\lab2\samples\test_ru\sample_ru_3.pdf,neural,ru,0.9991,80
2025-12-18T20:41:23.799113,D:\Programming\GIT\.venv\EYAZIS\lab2\samples\test_ru\sample_ru.pdf,frequency,ru,0.0914,89
2025-12-18T20:41:23.799113,D:\Programming\GIT\.venv\EYAZIS\lab2\samples\test_ru\sample_ru.pdf,short_words,ru,0.9775,89
2025-12-18T20:41:23.799113,D:\Programming\GIT\.venv\EYAZIS\lab2\samples\test_ru\sample_ru.pdf,neural,ru,0.9964,89
2025-12-18T20:41:23.871918,D:\Programming\GIT\.venv\EYAZIS\lab2\samples\test_ru\sample_ru_2.pdf,frequency,ru,0.2351,62
2025-12-18T20:41:23.871918,D:\Programming\GIT\.venv\EYAZIS\lab2\samples\test_ru\sample_ru_2.pdf,short_words,ru,0.9938,62
2025-12-18T20:41:23.871918,D:\Programming\GIT\.venv\EYAZIS\lab2\samples\test_ru\sample_ru_2.pdf,neural,ru,0.9984,62
2025-12-18T20:41:23.948933,D:\Programming\GIT\.venv\EYAZIS\lab2\samples\test_ru\sample_ru_3.pdf,frequency,ru,0.3506,65
2025-12-18T20:41:23.948933,D:\Programming\GIT\.venv\EYAZIS\lab2\samples\test_ru\sample_ru_3.pdf,short_words,ru,0.9873,65
2025-12-18T20:41:23.948933,D:\Programming\GIT\.venv\EYAZIS\lab2\samples\test_ru\sample_ru_3.pdf,neural,ru,0.9991,65
2025-12-18T20:41:35.372404,D:\Programming\GIT\.venv\EYAZIS\lab2\samples\test_ru\sample_ru.pdf,frequency,ru,0.0914,90
2025-12-18T20:41:35.372404,D:\Programming\GIT\.venv\EYAZIS\lab2\samples\test_ru\sample_ru.pdf,short_words,ru,0.9775,90
2025-12-18T20:41:35.372404,D:\Programming\GIT\.venv\EYAZIS\lab2\samples\test_ru\sample_ru.pdf,neural,ru,0.9964,90
2025-12-18T20:41:35.442840,D:\Programming\GIT\.venv\EYAZIS\lab2\samples\test_ru\sample_ru_2.pdf,frequency,ru,0.2351,60
2025-12-18T20:41:35.442840,D:\Programming\GIT\.venv\EYAZIS\lab2\samples\test_ru\sample_ru_2.pdf,short_words,ru,0.9938,60
2025-12-18T20:41:35.442840,D:\Programming\GIT\.venv\EYAZIS\lab2\samples\test_ru\sample_ru_2.pdf,neural,ru,0.9984,60
2025-12-18T20:41:35.519094,D:\Programming\GIT\.venv\EYAZIS\lab2\samples\test_ru\sample_ru_3.pdf,frequency,ru,0.3506,64
2025-12-18T20:41:35.519094,D:\Programming\GIT\.venv\EYAZIS\lab2\samples\test_ru\sample_ru_3.pdf,short_words,ru,0.9873,64
2025-12-18T20:41:35.519094,D:\Programming\GIT\.venv\EYAZIS\lab2\samples\test_ru\sample_ru_3.pdf,neural,ru,0.9991,64
2025-12-18T20:41:35.549538,D:\Programming\GIT\.venv\EYAZIS\lab2\samples\test_de\deutsche_kultur_geschichte_2.pdf,frequency,de,0.3459,18
2025-12-18T20:41:35.549538,D:\Programming\GIT\.venv\EYAZIS\lab2\samples\test_de\deutsche_kultur_geschichte_2.pdf,short_words,ru,0.7773,18
2025-12-18T20:41:35.549538,D:\Programming\GIT\.venv\EYAZIS\lab2\samples\test_de\deutsche_kultur_geschichte_2.pdf,neural,de,0.9948,18
2025-12-18T20:41:35.573469,D:\Programming\GIT\.venv\EYAZIS\lab2\samples\test_de\Natur_Umwelt_1.pdf,frequency,de,0.5067,10
2025-12-18T20:41:35.573469,D:\Programming\GIT\.venv\EYAZIS\lab2\samples\test_de\Natur_Umwelt_1.pdf,short_words,ru,0.7372,10
2025-12-18T20:41:35.573469,D:\Programming\GIT\.venv\EYAZIS\lab2\samples\test_de\Natur_Umwelt_1.pdf,neural,de,0.9983,10
2025-12-18T20:41:35.590705,D:\Programming\GIT\.venv\EYAZIS\lab2\samples\test_de\sample_de.pdf,frequency,de,0.3375,5
2025-12-18T20:41:35.590705,D:\Programming\GIT\.venv\EYAZIS\lab2\samples\test_de\sample_de.pdf,short_words,ru,0.6938,5
2025-12-18T20:41:35.590705,D:\Programming\GIT\.venv\EYAZIS\lab2\samples\test_de\sample_de.pdf,neural,de,0.9999,5
2025-12-18T20:41:35.612328,D:\Programming\GIT\.venv\EYAZIS\lab2\samples\test_de\wissenschaft_technik.pdf,frequency,de,0.4459,10
2025-12-18T20:41:35.612328,D:\Programming\GIT\.venv\EYAZIS\lab2\samples\test_de\wissenschaft_technik.pdf,short_words,ru,0.7402,10
2025-12-18T20:41:35.612328,D:\Programming\GIT\.venv\EYAZIS\lab2\samples\test_de\wissenschaft_technik.pdf,neural,de,0.9900,10
2025-12-18T20:53:06.157963,D:\Programming\GIT\.venv\EYAZIS\lab2\samples\train_ru\ - .pdf,frequency,ru,0.6758,216
2025-12-18T20:53:06.157963,D:\Programming\GIT\.venv\EYAZIS\lab2\samples\train_ru\ - .pdf,short_words,ru,0.9999,216
2025-12-18T20:53:06.157963,D:\Programming\GIT\.venv\EYAZIS\lab2\samples\train_ru\ - .pdf,neural,ru,0.9974,216
2025-12-18T20:53:06.378303,D:\Programming\GIT\.venv\EYAZIS\lab2\samples\train_ru\  .pdf,frequency,ru,0.6193,210
2025-12-18T20:53:06.378303,D:\Programming\GIT\.venv\EYAZIS\lab2\samples\train_ru\  .pdf,short_words,ru,0.9998,210
2025-12-18T20:53:06.378303,D:\Programming\GIT\.venv\EYAZIS\lab2\samples\train_ru\  .pdf,neural,ru,0.9972,210
2025-12-18T20:53:06.601727,D:\Programming\GIT\.venv\EYAZIS\lab2\samples\train_ru\.pdf,frequency,ru,0.6975,211
2025-12-18T20:53:06.601727,D:\Programming\GIT\.venv\EYAZIS\lab2\samples\train_ru\.pdf,short_words,ru,0.9998,211
2025-12-18T20:53:06.601727,D:\Programming\GIT\.venv\EYAZIS\lab2\samples\train_ru\.pdf,neural,ru,0.9979,211
2025-12-18T20:53:06.866753,D:\Programming\GIT\.venv\EYAZIS\lab2\samples\train_ru\-.pdf,frequency,ru,0.6852,253
2025-12-18T20:53:06.866753,D:\Programming\GIT\.venv\EYAZIS\lab2\samples\train_ru\-.pdf,short_words,ru,0.9997,253
2025-12-18T20:53:06.866753,D:\Programming\GIT\.venv\EYAZIS\lab2\samples\train_ru\-.pdf,neural,ru,0.9987,253
2025-12-18T20:53:07.111691,D:\Programming\GIT\.venv\EYAZIS\lab2\samples\train_ru\.pdf,frequency,ru,0.7800,232
2025-12-18T20:53:07.111691,D:\Programming\GIT\.venv\EYAZIS\lab2\samples\train_ru\.pdf,short_words,ru,1.0000,232
2025-12-18T20:53:07.111691,D:\Programming\GIT\.venv\EYAZIS\lab2\samples\train_ru\.pdf,neural,ru,0.9990,232
